executed_at,date,equity,benchmark_ticker,benchmark_close
2026-07-09T23:59:59-07:00,2026-07-09,1000.0,QQQ,723.280029296875
2026-07-10T23:59:59-07:00,2026-07-10,998.65,QQQ,725.510009765625
2026-07-13T22:46:26.081930Z,2026-07-13,960.46,QQQ,711.739990234375
2026-07-14T22:02:28.990298Z,2026-07-14,960.46,QQQ,
2026-07-15T22:45:59.031213Z,2026-07-15,953.11,QQQ,717.739990234375
2026-07-16T22:42:10.105059Z,2026-07-16,942.7,QQQ,705.9400024414062
2026-07-17T22:38:44.790348Z,2026-07-17,927.92,QQQ,695.3300170898438
2026-07-20T22:42:34.228515Z,2026-07-20,925.26,QQQ,
2026-07-21T22:46:51.970513Z,2026-07-21,929.06,QQQ,708.969970703125
2026-07-22T22:58:37.142009Z,2026-07-22,929.06,QQQ,
2026-07-23T22:41:12.270290Z,2026-07-23,921.8,QQQ,691.9600219726562
2026-07-24T22:43:00.917168Z,2026-07-24,890.81,QQQ,684.22998046875
2026-07-27T22:41:47.017022Z,2026-07-27,887.26,QQQ,682.1199951171875
2026-07-28T22:40:38.127955Z,2026-07-28,844.05,QQQ,675.489990234375
2026-07-29T22:41:15.151228Z,2026-07-29,825.02,QQQ,661.72998046875
2026-07-30T22:40:06.004392Z,2026-07-30,824.77,QQQ,683.5499877929688
2026-07-31T22:39:48.561088Z,2026-07-31,826.46,QQQ,687.989990234375
2026-08-03T22:40:40.747709Z,2026-08-03,831.23,QQQ,700.0700073242188
2026-08-04T22:42:00.724279Z,2026-08-04,852.97,QQQ,723.8499755859375
2026-08-05T22:39:51.529782Z,2026-08-05,847.99,QQQ,717.2999877929688
2026-08-07T00:44:23.484287Z,2026-08-06,843.41,QQQ,714.6500244140625
2026-08-07T23:11:22.950846Z,2026-08-07,838.56,QQQ,723.03
2026-08-10T22:42:37.978947Z,2026-08-10,853.51,QQQ,720.8699951171875
2026-08-11T22:41:40.657531Z,2026-08-11,857.12,QQQ,718.4500122070312
2026-08-12T22:39:36.431301Z,2026-08-12,858.37,QQQ,723.7000122070312
2026-08-14T02:53:08.514038Z,2026-08-13,870.91,QQQ,732.0700073242188
2026-08-14T22:37:56.237142Z,2026-08-14,850.17,QQQ,731.0700073242188
2026-08-17T22:49:23.814362Z,2026-08-17,831.06,QQQ,729.8699951171875
2026-08-18T22:38:01.173900Z,2026-08-18,814.34,QQQ,717.510009765625
2026-08-19T22:39:09.980235Z,2026-08-19,800.03,QQQ,716.0800170898438
2026-08-20T22:40:04.270070Z,2026-08-20,784.64,QQQ,710.9299926757812
2026-08-21T22:45:21.629178Z,2026-08-21,800.81,QQQ,713.4400024414062
2026-08-24T22:45:39.094396Z,2026-08-24,798.28,QQQ,706.3200073242188
2026-08-25T23:08:50.307107Z,2026-08-25,795.11,QQQ,710.719970703125
2026-08-26T22:41:32.589812Z,2026-08-26,795.58,QQQ,711.3699951171875
2026-08-28T00:46:51.613142Z,2026-08-27,791.07,QQQ,721.1099853515625
2026-08-28T22:39:32.401508Z,2026-08-28,785.56,QQQ,716.4299926757812
2026-09-01T22:37:43.801301Z,2026-09-01,764.36,QQQ,707.6400146484375
2026-09-02T22:59:26.727044Z,2026-09-02,766.33,QQQ,709.239990234375
2026-09-03T22:25:21.430908Z,2026-09-03,764.61,QQQ,717.6699829101562
2026-09-04T22:49:13.748331Z,2026-09-04,751.61,QQQ,718.9600219726562
2026-09-07T22:37:32.161188Z,2026-09-07,751.57,QQQ,718.9600219726562
2026-09-08T22:40:15.246103Z,2026-09-08,744.15,QQQ,718.3599853515625
2026-09-09T22:38:45.575965Z,2026-09-09,729.84,QQQ,716.3099975585938
2026-09-10T22:45:16.749986Z,2026-09-10,715.34,QQQ,708.6900024414062
2026-09-11T22:41:47.170586Z,2026-09-11,728.07,QQQ,714.8800048828125
2026-09-15T23:05:49.445503Z,2026-09-15,706.52,QQQ,704.5399780273438
2026-09-16T22:36:59.761350Z,2026-09-16,710.89,QQQ,704.719970703125
2026-09-17T23:25:20.557430Z,2026-09-17,725.47,QQQ,716.9199829101562
2026-09-18T22:39:00.391655Z,2026-09-18,721.29,QQQ,721.4500122070312
2026-09-21T22:42:06.533336Z,2026-09-21,752.34,QQQ,741.469970703125
2026-09-24T12:55:08.755081Z,2026-09-24,752.7,QQQ,741.21
2026-09-26T13:31:27.937628Z,2026-09-26,757.26,QQQ,744.5
