date,QQQ
2025-01-02,505.9322509765625
2025-01-03,514.2119750976562
2025-01-06,520.1217041015625
2025-01-07,510.840576171875
2025-01-08,510.9298095703125
2025-01-10,502.91790771484375
2025-01-13,501.3016662597656
2025-01-14,500.82568359375
2025-01-15,512.3478393554688
2025-01-16,508.7583312988281
2025-01-17,517.3453369140625
2025-01-21,520.3795776367188
2025-01-22,527.0330810546875
2025-01-23,528.1536254882812
2025-01-24,525.1690063476562
2025-01-27,509.8787841796875
2025-01-28,517.4148559570312
2025-01-29,516.4430541992188
2025-01-30,518.644287109375
2025-01-31,517.8906860351562
2025-02-03,513.7459716796875
2025-02-04,520.0523681640625
2025-02-05,522.4122924804688
2025-02-06,525.1390991210938
2025-02-07,518.5154418945312
2025-02-10,524.7921142578125
2025-02-11,523.542724609375
2025-02-12,523.85009765625
2025-02-13,531.3860473632812
2025-02-14,533.6171264648438
2025-02-18,534.8268432617188
2025-02-19,534.9756469726562
2025-02-20,532.7047729492188
2025-02-21,521.6488037109375
2025-02-24,515.4910888671875
2025-02-25,508.99627685546875
2025-02-26,510.2258605957031
2025-02-27,496.0561828613281
2025-02-28,503.8896484375
2025-03-03,492.8633117675781
2025-03-04,491.3759765625
2025-03-05,497.7815246582031
2025-03-06,484.087890625
2025-03-07,487.6476135253906
2025-03-10,468.7481994628906
2025-03-11,467.6276550292969
2025-03-12,472.9029235839844
2025-03-13,464.3951110839844
2025-03-14,475.6198425292969
2025-03-17,478.70355224609375
2025-03-18,470.54296875
2025-03-19,476.8394775390625
2025-03-20,475.2231140136719
2025-03-21,476.7898254394531
2025-03-24,487.2527160644531
2025-03-25,490.033203125
2025-03-26,481.01629638671875
2025-03-27,478.2754821777344
2025-03-28,465.68353271484375
2025-03-31,465.6636657714844
2025-04-01,469.4174499511719
2025-04-02,472.84344482421875
2025-04-03,447.53045654296875
2025-04-04,419.73486328125
2025-04-07,420.74774169921875
2025-04-08,413.17071533203125
2025-04-09,462.7639465332031
2025-04-10,443.0815734863281
2025-04-11,451.2444763183594
2025-04-14,454.3031311035156
2025-04-15,454.8095703125
2025-04-16,441.095458984375
2025-04-17,441.0160217285156
2025-04-21,430.102294921875
2025-04-22,441.3933410644531
2025-04-23,451.40338134765625
2025-04-24,464.1045837402344
2025-04-25,469.2784118652344
2025-04-28,469.12945556640625
2025-04-29,472.227783203125
2025-04-30,472.16815185546875
2025-05-01,478.33502197265625
2025-05-02,485.4353942871094
2025-05-05,482.55548095703125
2025-05-06,478.0669250488281
2025-05-07,479.94378662109375
2025-05-08,484.89910888671875
2025-05-09,484.5813903808594
2025-05-12,504.3232727050781
2025-05-13,512.0096435546875
2025-05-14,515.0780639648438
2025-05-15,515.6441040039062
2025-05-16,517.8885498046875
2025-05-19,518.3849487304688
2025-05-20,516.6570434570312
2025-05-21,509.477294921875
2025-05-22,510.4306335449219
2025-05-23,505.70367431640625
2025-05-27,517.6004638671875
2025-05-28,515.3064575195312
2025-05-29,516.3193359375
2025-05-30,515.5050659179688
2025-06-02,519.5767211914062
2025-06-03,523.6382446289062
2025-06-04,525.0980834960938
2025-06-05,521.1456298828125
2025-06-06,526.239990234375
2025-06-09,527.0146484375
2025-06-10,530.5003051757812
2025-06-11,528.7127685546875
2025-06-12,529.9541015625
2025-06-13,523.300537109375
2025-06-16,530.5796508789062
2025-06-17,525.4058837890625
2025-06-18,525.3165283203125
2025-06-20,523.1715698242188
2025-06-23,528.551025390625
2025-06-24,536.6336059570312
2025-06-25,538.0054931640625
2025-06-26,543.0360107421875
2025-06-27,544.8951416015625
2025-06-30,548.4244995117188
2025-07-01,543.8015747070312
2025-07-02,547.58935546875
2025-07-03,552.9777221679688
2025-07-07,548.8121948242188
2025-07-08,549.1204223632812
2025-07-09,553.007568359375
2025-07-10,552.2122192382812
2025-07-11,550.969482421875
2025-07-14,552.9678344726562
2025-07-15,553.4747924804688
2025-07-16,554.0415649414062
2025-07-17,558.525146484375
2025-07-18,557.9883422851562
2025-07-21,560.8814086914062
2025-07-22,557.978515625
2025-07-23,560.5234985351562
2025-07-24,561.716552734375
2025-07-25,563.068603515625
2025-07-28,564.8283081054688
2025-07-29,563.9534301757812
2025-07-30,564.708984375
2025-07-31,561.716552734375
2025-08-01,550.6513671875
2025-08-04,560.8118286132812
2025-08-05,557.004150390625
2025-08-06,564.0131225585938
2025-08-07,565.921875
2025-08-08,571.2008666992188
2025-08-11,569.5108032226562
2025-08-12,576.6688232421875
2025-08-13,576.9572143554688
2025-08-14,576.509765625
2025-08-15,573.9746704101562
2025-08-18,573.7460327148438
2025-08-19,565.9616088867188
2025-08-20,562.6013793945312
2025-08-21,559.9966430664062
2025-08-22,568.6359252929688
2025-08-25,566.99560546875
2025-08-26,569.2721557617188
2025-08-27,570.1470947265625
2025-08-28,573.7161865234375
2025-08-29,567.0751342773438
2025-09-02,562.322998046875
2025-09-03,566.7470092773438
2025-09-04,571.8768920898438
2025-09-05,572.7020874023438
2025-09-08,575.4957275390625
2025-09-09,577.1261596679688
2025-09-10,577.3150634765625
2025-09-11,580.6753540039062
2025-09-12,583.2402954101562
2025-09-15,588.2310791015625
2025-09-16,587.73388671875
2025-09-17,586.5608520507812
2025-09-18,591.8499145507812
2025-09-19,595.8563842773438
2025-09-22,599.3837890625
2025-09-23,595.4025268554688
2025-09-24,593.3123168945312
2025-09-25,590.75439453125
2025-09-26,593.182861328125
2025-09-29,595.9299926757812
2025-09-30,597.5623779296875
2025-10-01,600.4288330078125
2025-10-02,602.897216796875
2025-10-03,600.3591918945312
2025-10-06,604.8680419921875
2025-10-07,601.6829833984375
2025-10-08,608.58056640625
2025-10-09,607.8440551757812
2025-10-10,586.7431640625
2025-10-13,599.1946411132812
2025-10-14,595.2034301757812
2025-10-15,599.4037475585938
2025-10-16,597.1841430664062
2025-10-17,601.1056518554688
2025-10-20,608.6800537109375
2025-10-21,608.5209350585938
2025-10-22,602.6583862304688
2025-10-23,607.7245483398438
2025-10-24,614.2139892578125
2025-10-27,625.1527709960938
2025-10-28,629.9600830078125
2025-10-29,632.7968139648438
2025-10-30,623.1221923828125
2025-10-31,626.128173828125
2025-11-03,629.1240234375
2025-11-04,616.3540649414062
2025-11-05,620.365234375
2025-11-06,608.8095703125
2025-11-07,606.8884887695312
2025-11-10,620.3154296875
2025-11-11,618.6632080078125
2025-11-12,618.175537109375
2025-11-13,605.5547485351562
2025-11-14,606.0126953125
2025-11-17,600.8369750976562
2025-11-18,593.5213012695312
2025-11-19,597.064697265625
2025-11-20,582.9310913085938
2025-11-21,587.3104858398438
2025-11-24,602.3298950195312
2025-11-25,606.0425415039062
2025-11-26,611.3973388671875
2025-11-28,616.3540649414062
2025-12-01,614.2837524414062
2025-12-02,619.0911254882812
2025-12-03,620.6041259765625
2025-12-04,620.0267944335938
2025-12-05,622.554931640625
2025-12-08,621.3605346679688
2025-12-09,622.1268310546875
2025-12-10,624.6749877929688
2025-12-11,622.6544799804688
2025-12-12,610.7504272460938
2025-12-15,607.6847534179688
2025-12-16,608.8890991210938
2025-12-17,597.6021118164062
2025-12-18,606.2614135742188
2025-12-19,614.164306640625
2025-12-22,617.1082763671875
2025-12-23,619.9984130859375
2025-12-24,621.8123168945312
2025-12-26,621.7723999023438
2025-12-29,618.7626342773438
2025-12-30,617.3275146484375
2025-12-31,612.2249145507812
2026-01-02,611.0390014648438
2026-01-05,615.8923950195312
2026-01-06,621.3040161132812
2026-01-07,621.9020385742188
2026-01-08,618.364013671875
2026-01-09,624.5230712890625
2026-01-12,625.041259765625
2026-01-13,624.1144409179688
2026-01-14,617.4471435546875
2026-01-15,619.6696166992188
2026-01-16,619.1513671875
2026-01-20,605.9961547851562
2026-01-21,614.188232421875
2026-01-22,618.6530151367188
2026-01-23,620.6063842773438
2026-01-26,623.3370971679688
2026-01-27,628.9878540039062
2026-01-28,631.0707397460938
2026-01-29,627.2936401367188
2026-01-30,619.75927734375
2026-02-02,624.0148315429688
2026-02-03,614.4274291992188
2026-02-04,603.6939697265625
2026-02-05,595.003662109375
2026-02-06,607.5807495117188
2026-02-09,612.2349243164062
2026-02-10,609.39453125
2026-02-11,611.0289916992188
2026-02-12,598.601318359375
2026-02-13,599.8770141601562
2026-02-17,599.259033203125
2026-02-18,603.7338256835938
2026-02-19,601.4216918945312
2026-02-20,606.7435913085938
2026-02-23,599.36865234375
2026-02-24,605.8067626953125
2026-02-25,614.5868530273438
2026-02-26,607.172119140625
2026-02-27,605.2286987304688
2026-03-02,606.0260620117188
2026-03-03,599.5381469726562
2026-03-04,608.677001953125
2026-03-05,606.8432006835938
2026-03-06,597.71435546875
2026-03-09,605.6971435546875
2026-03-10,605.7071533203125
2026-03-11,605.6273803710938
2026-03-12,595.2328491210938
2026-03-13,591.7047729492188
2026-03-16,598.3422241210938
2026-03-17,601.2622680664062
2026-03-18,592.880859375
2026-03-19,591.0072021484375
2026-03-20,580.0844116210938
2026-03-23,586.7431640625
2026-03-24,582.731689453125
2026-03-25,586.5635375976562
2026-03-26,572.5634765625
2026-03-27,561.3775024414062
2026-03-30,557.086669921875
2026-03-31,575.9462280273438
2026-04-01,583.06103515625
2026-04-02,583.7295532226562
2026-04-06,587.2420654296875
2026-04-07,587.3319091796875
2026-04-08,604.7944946289062
2026-04-09,608.8857421875
2026-04-10,609.7638549804688
2026-04-13,616.0703125
2026-04-14,627.2562866210938
2026-04-15,636.0375366210938
2026-04-16,639.1009521484375
2026-04-17,647.4630126953125
2026-04-20,645.4074096679688
2026-04-21,642.9526977539062
2026-04-22,653.709716796875
2026-04-23,650.0275268554688
2026-04-24,662.4609375
2026-04-27,662.8101806640625
2026-04-28,656.1444702148438
2026-04-29,660.1558837890625
2026-04-30,666.3126220703125
2026-05-01,672.708984375
2026-05-04,671.4417114257812
2026-05-05,680.1530151367188
2026-05-06,694.2827758789062
2026-05-07,693.4545288085938
2026-05-08,709.709716796875
2026-05-11,711.7652587890625
2026-05-12,705.7282104492188
2026-05-13,713.1823120117188
2026-05-14,718.2514038085938
2026-05-15,707.4146728515625
2026-05-18,704.3711547851562
2026-05-19,700.030517578125
2026-05-20,711.6256713867188
2026-05-21,712.9827270507812
2026-05-22,716.0062255859375
2026-05-26,728.7190551757812
2026-05-27,727.8908081054688
2026-05-28,734.027587890625
2026-05-29,736.7318115234375
2026-06-01,741.1524047851562
2026-06-02,744.5650024414062
2026-06-03,742.6192626953125
2026-06-04,739.0269165039062
2026-06-05,703.5529174804688
2026-06-08,714.5393676757812
2026-06-09,706.3169555664062
2026-06-10,692.2072143554688
2026-06-11,715.5870971679688
2026-06-12,719.798095703125
2026-06-15,742.40966796875
2026-06-16,728.2998657226562
2026-06-17,720.965576171875
2026-06-18,739.0369262695312
2026-06-22,737.1818237304688
2026-06-23,712.9071655273438
2026-06-24,709.8803100585938
2026-06-25,715.63427734375
2026-06-26,705.7846069335938
2026-06-29,723.3262939453125
2026-06-30,735.6334838867188
2026-07-01,724.4151000976562
2026-07-02,711.8582153320312
2026-07-06,722.067626953125
2026-07-07,708.6915283203125
2026-07-08,710.699462890625
2026-07-09,722.5271606445312
2026-07-10,724.7548217773438
2026-07-13,710.9990844726562
2026-07-14,718.9408569335938
2026-07-15,716.9928588867188
2026-07-16,705.2051391601562
2026-07-17,694.606201171875
2026-07-20,695.33544921875
2026-07-21,708.2319946289062
2026-07-22,704.61572265625
2026-07-23,691.23974609375
2026-07-24,683.5177612304688
2026-07-27,681.4099731445312
2026-07-28,674.786865234375
2026-07-29,661.0411376953125
2026-07-30,682.8384399414062
2026-07-31,687.2738647460938
2026-08-03,699.34130859375
2026-08-04,723.0964965820312
2026-08-05,716.5533447265625
2026-08-06,713.9061279296875
2026-08-07,722.2774047851562
2026-08-10,720.11962890625
2026-08-11,717.7021484375
2026-08-12,722.9467163085938
2026-08-13,731.3079833984375
2026-08-14,730.3090209960938
2026-08-17,729.1102294921875
2026-08-18,716.7631225585938
2026-08-19,715.3345947265625
2026-08-20,710.18994140625
2026-08-21,712.6973876953125
2026-08-24,705.5847778320312
2026-08-25,709.9801635742188
2026-08-26,710.6295166015625
2026-08-27,720.359375
2026-08-28,715.6842651367188
2026-08-31,716.013916015625
2026-09-01,706.9033813476562
2026-09-02,708.501708984375
2026-09-03,716.9229125976562
2026-09-04,718.2116088867188
2026-09-08,717.6122436523438
2026-09-09,715.5643920898438
2026-09-10,707.9523315429688
2026-09-11,714.1358642578125
2026-09-14,708.4417724609375
2026-09-15,703.8065795898438
2026-09-16,703.9863891601562
2026-09-17,716.1737060546875
2026-09-18,720.6990356445312
2026-09-21,741.469970703125
2026-09-22,747.4600219726562
2026-09-23,741.2100219726562
2026-09-24,741.0999755859375
2026-09-25,744.5
