report_date,period_end,ticker,revenue,gross_profit,operating_income,net_income,book_value,total_assets,total_liabilities,operating_cash_flow,capital_expenditure,shares_outstanding
2022-02-04,2021-12-31,ALFA,520000000.0,286000000.0,117000000.0,88400000.0,1650000000.0,2392500000.0,742500000.0,101660000.0,18200000.0,22000000
2022-05-05,2022-03-31,ALFA,544650670.62,299557868.84,122546400.89,92590614.01,1674750000.0,2428387500.0,753637500.0,106479206.11,19062773.47,22000000
2022-08-04,2022-06-30,ALFA,568755261.82,312815394.0,127969933.91,96688394.51,1699500000.0,2464275000.0,764775000.0,111191653.69,19906434.16,22000000
2022-11-04,2022-09-30,ALFA,590910521.78,325000786.98,132954867.4,100454788.7,1724250000.0,2500162500.0,775912500.0,115523007.01,20681868.26,22000000
2023-02-04,2022-12-31,ALFA,610276676.58,335652172.12,137312252.23,103747035.02,1749000000.0,2536050000.0,787050000.0,119309090.27,21359683.68,22000000
2023-05-05,2023-03-31,ALFA,626837242.14,344760483.18,141038379.48,106562331.16,1773750000.0,2571937500.0,798187500.0,122546680.84,21939303.48,22000000
2023-08-04,2023-06-30,ALFA,641467912.48,352807351.86,144330280.31,109049545.12,1798500000.0,2607825000.0,809325000.0,125406976.89,22451376.94,22000000
2023-11-04,2023-09-30,ALFA,655783391.7,360680865.43,147551263.13,111483176.59,1823250000.0,2643712500.0,820462500.0,128205653.08,22952418.71,22000000
2024-02-04,2023-12-31,ALFA,671785362.48,369481949.36,151151706.56,114203511.62,1848000000.0,2679600000.0,831600000.0,131334038.36,23512487.69,22000000
2024-05-05,2024-03-31,ALFA,691387071.96,380262889.58,155562091.19,117535802.23,1872750000.0,2715487500.0,842737500.0,135166172.57,24198547.52,22000000
2024-08-04,2024-06-30,ALFA,715926809.41,393759745.18,161083532.12,121707557.6,1897500000.0,2751375000.0,853875000.0,139963691.24,25057438.33,22000000
2022-02-04,2021-12-31,BRAV,780000000.0,312000000.0,120900000.0,78000000.0,2100000000.0,3570000000.0,1470000000.0,89700000.0,27300000.0,38000000
2022-05-05,2022-03-31,BRAV,803557076.37,321422830.55,124551346.84,80355707.64,2131500000.0,3623550000.0,1492050000.0,92409063.78,28124497.67,38000000
2022-08-04,2022-06-30,BRAV,825337433.25,330134973.3,127927302.15,82533743.32,2163000000.0,3677100000.0,1514100000.0,94913804.82,28886810.16,38000000
2022-11-04,2022-09-30,BRAV,843403243.38,337361297.35,130727502.72,84340324.34,2194500000.0,3730650000.0,1536150000.0,96991372.99,29519113.52,38000000
2023-02-04,2022-12-31,BRAV,856737436.28,342694974.51,132794302.62,85673743.63,2226000000.0,3784200000.0,1558200000.0,98524805.17,29985810.27,38000000
2023-05-05,2023-03-31,BRAV,865532124.13,346212849.65,134157479.24,86553212.41,2257500000.0,3837750000.0,1580250000.0,99536194.27,30293624.34,38000000
2023-08-04,2023-06-30,BRAV,871185754.47,348474301.79,135033791.94,87118575.45,2289000000.0,3891300000.0,1602300000.0,100186361.76,30491501.41,38000000
2023-11-04,2023-09-30,BRAV,875999120.39,350399648.16,135779863.66,87599912.04,2320500000.0,3944850000.0,1624350000.0,100739898.85,30659969.21,38000000
2024-02-04,2023-12-31,BRAV,882635155.53,353054062.21,136808449.11,88263515.55,2352000000.0,3998400000.0,1646400000.0,101503042.89,30892230.44,38000000
2024-05-05,2024-03-31,BRAV,893468750.54,357387500.22,138487656.33,89346875.05,2383500000.0,4051950000.0,1668450000.0,102748906.31,31271406.27,38000000
2024-08-04,2024-06-30,BRAV,909984860.41,363993944.16,141047653.36,90998486.04,2415000000.0,4105500000.0,1690500000.0,104648258.95,31849470.11,38000000
2022-02-04,2021-12-31,CHAR,430000000.0,137600000.0,40850000.0,17200000.0,1200000000.0,2520000000.0,1320000000.0,19780000.0,15050000.0,31000000
2022-05-05,2022-03-31,CHAR,432542901.59,138413728.51,41091575.65,17301716.06,1218000000.0,2557800000.0,1339800000.0,19896973.47,15139001.56,31000000
2022-08-04,2022-06-30,CHAR,433793068.98,138813782.07,41210341.55,17351722.76,1236000000.0,2595600000.0,1359600000.0,19954481.17,15182757.41,31000000
2022-11-04,2022-09-30,CHAR,432837558.72,138508018.79,41119568.08,17313502.35,1254000000.0,2633400000.0,1379400000.0,19910527.7,15149314.56,31000000
2023-02-04,2022-12-31,CHAR,429314960.6,137380787.39,40784921.26,17172598.42,1272000000.0,2671200000.0,1399200000.0,19748488.19,15026023.62,31000000
2023-05-05,2023-03-31,CHAR,423496744.5,135518958.24,40232190.73,16939869.78,1290000000.0,2709000000.0,1419000000.0,19480850.25,14822386.06,31000000
2023-08-04,2023-06-30,CHAR,416213590.06,133188348.82,39540291.06,16648543.6,1308000000.0,2746800000.0,1438800000.0,19145825.14,14567475.65,31000000
2023-11-04,2023-09-30,CHAR,408646485.09,130766875.23,38821416.08,16345859.4,1326000000.0,2784600000.0,1458600000.0,18797738.31,14302626.98,31000000
2024-02-04,2023-12-31,CHAR,402035057.77,128651218.49,38193330.49,16081402.31,1344000000.0,2822400000.0,1478400000.0,18493612.66,14071227.02,31000000
2024-05-05,2024-03-31,CHAR,397375125.36,127160040.11,37750636.91,15895005.01,1362000000.0,2860200000.0,1498200000.0,18279255.77,13908129.39,31000000
2024-08-04,2024-06-30,CHAR,395179205.54,126457345.77,37542024.53,15807168.22,1380000000.0,2898000000.0,1518000000.0,18178243.45,13831272.19,31000000
2022-02-04,2021-12-31,DELT,610000000.0,292800000.0,112850000.0,79300000.0,1900000000.0,2945000000.0,1045000000.0,91195000.0,21350000.0,26000000
2022-05-05,2022-03-31,DELT,633361331.69,304013439.21,117171846.36,82336973.12,1928500000.0,2989175000.0,1060675000.0,94687519.09,22167646.61,26000000
2022-08-04,2022-06-30,DELT,655640753.73,314707561.79,121293539.44,85233297.99,1957000000.0,3033350000.0,1076350000.0,98018292.68,22947426.38,26000000
2022-11-04,2022-09-30,DELT,675257237.08,324123473.8,124922588.86,87783440.82,1985500000.0,3077525000.0,1092025000.0,100950956.94,23634003.3,26000000
2023-02-04,2022-12-31,DELT,691323480.58,331835270.68,127894843.91,89872052.48,2014000000.0,3121700000.0,1107700000.0,103352860.35,24196321.82,26000000
2023-05-05,2023-03-31,DELT,703908707.41,337876179.56,130223110.87,91508131.96,2042500000.0,3165875000.0,1123375000.0,105234351.76,24636804.76,26000000
2023-08-04,2023-06-30,DELT,714074450.32,342755736.16,132103773.31,92829678.54,2071000000.0,3210050000.0,1139050000.0,106754130.32,24992605.76,26000000
2023-11-04,2023-09-30,DELT,723662356.11,347357930.93,133877535.88,94076106.29,2099500000.0,3254225000.0,1154725000.0,108187522.24,25328182.46,26000000
2024-02-04,2023-12-31,DELT,734874395.6,352739709.89,135951763.19,95533671.43,2128000000.0,3298400000.0,1170400000.0,109863722.14,25720603.85,26000000
2024-05-05,2024-03-31,DELT,749740281.21,359875334.98,138701952.02,97466236.56,2156500000.0,3342575000.0,1186075000.0,112086172.04,26240909.84,26000000
2024-08-04,2024-06-30,DELT,769600297.68,369408142.88,142376055.07,100048038.7,2185000000.0,3386750000.0,1201750000.0,115055244.5,26936010.42,26000000
2022-02-04,2021-12-31,ECHO,900000000.0,324000000.0,112500000.0,63000000.0,2400000000.0,4440000000.0,2040000000.0,72450000.0,31500000.0,30000000
2022-05-05,2022-03-31,ECHO,919894945.36,331162180.33,114986868.17,64392646.18,2436000000.0,4506600000.0,2070600000.0,74051543.1,32196323.09,30000000
2022-08-04,2022-06-30,ECHO,937403652.41,337465314.87,117175456.55,65618255.67,2472000000.0,4573200000.0,2101200000.0,75460994.02,32809127.83,30000000
2022-11-04,2022-09-30,ECHO,950394601.85,342142056.67,118799325.23,66527622.13,2508000000.0,4639800000.0,2131800000.0,76506765.45,33263811.06,30000000
2023-02-04,2022-12-31,ECHO,957833526.34,344820069.48,119729190.79,67048346.84,2544000000.0,4706400000.0,2162400000.0,77105598.87,33524173.42,30000000
2023-05-05,2023-03-31,ECHO,960061550.45,345622158.16,120007693.81,67204308.53,2580000000.0,4773000000.0,2193000000.0,77284954.81,33602154.27,30000000
2023-08-04,2023-06-30,ECHO,958738674.52,345145922.83,119842334.31,67111707.22,2616000000.0,4839600000.0,2223600000.0,77178463.3,33555853.61,30000000
2023-11-04,2023-09-30,ECHO,956459857.16,344325548.58,119557482.15,66952190.0,2652000000.0,4906200000.0,2254200000.0,76995018.5,33476095.0,30000000
2024-02-04,2023-12-31,ECHO,956132090.29,344207552.5,119516511.29,66929246.32,2688000000.0,4972800000.0,2284800000.0,76968633.27,33464623.16,30000000
2024-05-05,2024-03-31,ECHO,960261763.82,345694234.97,120032720.48,67218323.47,2724000000.0,5039400000.0,2315400000.0,77301071.99,33609161.73,30000000
2024-08-04,2024-06-30,ECHO,970326811.04,349317651.97,121290851.38,67922876.77,2760000000.0,5106000000.0,2346000000.0,78111308.29,33961438.39,30000000
